SET client_encoding = 'UTF8';

-- Reset và nạp lại toàn bộ dữ liệu mẫu LMS (chỉ dùng môi trường dev).
-- Cách chạy:
--   cd apps/library-api
--   docker compose exec -T postgres psql -U lms -d lms -f - < db/seed/reset_and_sample.sql
-- Hoặc:
--   psql -h localhost -U lms -d lms -f db/seed/reset_and_sample.sql

BEGIN;

TRUNCATE TABLE
  notification_logs,
  fines,
  reservations,
  loans,
  book_copies,
  books,
  members,
  users,
  library_settings
RESTART IDENTITY CASCADE;

-- Cấu hình mặc định (giống V2)
INSERT INTO library_settings (
  id, max_loan_count, loan_days_default, max_renewals, fine_per_day, reminder_days_before
) VALUES (1, 5, 14, 2, 5000, 2);

-- Users (mật khẩu: admin123 / thuthu123 / docgia123)
INSERT INTO users (id, email, password_hash, name, role) VALUES
  ('11111111-1111-1111-1111-111111111001', 'admin@lms.vn',
   '$2a$10$3ym80MTEhCMFCphbgF9AR.6ihUC70JFo9qLUZLElJbLZFmrbc64pa',
   'Trần Văn Admin', 'ADMIN'),
  ('11111111-1111-1111-1111-111111111002', 'thuthu@lms.vn',
   '$2a$10$q5QmH6AKoJ0HBC7aguzt2uqmd654wZrozfQSlDWrgt1ybw8nGfPWO',
   'Nguyễn Thị Lan', 'LIBRARIAN'),
  ('11111111-1111-1111-1111-111111111003', 'docgia@lms.vn',
   '$2a$10$LZWw/RH/vCx1vXVcuTu6vuiigUSKUbQpNim.AsCjr5Kllr78UwPEm',
   'Lê Minh Anh', 'MEMBER'),
  ('11111111-1111-1111-1111-111111111004', 'pham.hoa@lms.vn',
   '$2a$10$LZWw/RH/vCx1vXVcuTu6vuiigUSKUbQpNim.AsCjr5Kllr78UwPEm',
   'Phạm Thu Hòa', 'MEMBER'),
  ('11111111-1111-1111-1111-111111111005', 'tran.duc@lms.vn',
   '$2a$10$LZWw/RH/vCx1vXVcuTu6vuiigUSKUbQpNim.AsCjr5Kllr78UwPEm',
   'Trần Văn Đức', 'MEMBER');

INSERT INTO members (id, user_id, library_card_id, phone, status) VALUES
  ('22222222-2222-2222-2222-222222222001', '11111111-1111-1111-1111-111111111003',
   'TV-2024-001', '0901234567', 'ACTIVE'),
  ('22222222-2222-2222-2222-222222222002', '11111111-1111-1111-1111-111111111004',
   'TV-2024-002', '0912345678', 'ACTIVE'),
  ('22222222-2222-2222-2222-222222222003', '11111111-1111-1111-1111-111111111005',
   'TV-2024-003', '0923456789', 'SUSPENDED');

INSERT INTO books (id, title, slug, isbn, authors, category) VALUES
  ('33333333-3333-3333-3333-333333333001', 'Nhà Giả Kim', 'nha-gia-kim',
   '978-604-1-00001-1', 'Paulo Coelho', 'Văn học'),
  ('33333333-3333-3333-3333-333333333002', 'Sapiens: Lược sử loài người', 'sapiens-luoc-su-loai-nguoi',
   '978-604-1-00002-8', 'Yuval Noah Harari', 'Khoa học'),
  ('33333333-3333-3333-3333-333333333003', 'Clean Code', 'clean-code',
   '978-604-1-00003-5', 'Robert C. Martin', 'Công nghệ'),
  ('33333333-3333-3333-3333-333333333004', 'Đắc Nhân Tâm', 'dac-nhan-tam',
   '978-604-1-00004-2', 'Dale Carnegie', 'Kỹ năng sống'),
  ('33333333-3333-3333-3333-333333333005', 'Harry Potter và Hòn đá Phù thủy', 'harry-potter-va-hon-da-phu-thuy',
   '978-604-1-00005-9', 'J.K. Rowling', 'Thiếu nhi'),
  ('33333333-3333-3333-3333-333333333006', 'Truyện Kiều', 'truyen-kieu',
   '978-604-1-00006-6', 'Nguyễn Du', 'Văn học cổ điển');

INSERT INTO book_copies (id, book_id, copy_code, status) VALUES
  ('44444444-4444-4444-4444-444444444001', '33333333-3333-3333-3333-333333333001', 'NGK-001', 'ON_LOAN'),
  ('44444444-4444-4444-4444-444444444002', '33333333-3333-3333-3333-333333333001', 'NGK-002', 'AVAILABLE'),
  ('44444444-4444-4444-4444-444444444003', '33333333-3333-3333-3333-333333333002', 'SAP-001', 'ON_LOAN'),
  ('44444444-4444-4444-4444-444444444004', '33333333-3333-3333-3333-333333333002', 'SAP-002', 'AVAILABLE'),
  ('44444444-4444-4444-4444-444444444005', '33333333-3333-3333-3333-333333333003', 'CLN-001', 'ON_LOAN'),
  ('44444444-4444-4444-4444-444444444006', '33333333-3333-3333-3333-333333333003', 'CLN-002', 'AVAILABLE'),
  ('44444444-4444-4444-4444-444444444007', '33333333-3333-3333-3333-333333333004', 'DNT-001', 'AVAILABLE'),
  ('44444444-4444-4444-4444-444444444008', '33333333-3333-3333-3333-333333333005', 'HP-001', 'ON_LOAN'),
  ('44444444-4444-4444-4444-444444444009', '33333333-3333-3333-3333-333333333005', 'HP-002', 'RESERVED'),
  ('44444444-4444-4444-4444-444444444010', '33333333-3333-3333-3333-333333333006', 'TK-001', 'AVAILABLE');

INSERT INTO loans (id, member_id, book_copy_id, status, checkout_at, due_at, returned_at, renewal_count) VALUES
  ('55555555-5555-5555-5555-555555555001', '22222222-2222-2222-2222-222222222001',
   '44444444-4444-4444-4444-444444444001', 'ACTIVE',
   NOW() - INTERVAL '20 days', NOW() - INTERVAL '6 days', NULL, 0),
  ('55555555-5555-5555-5555-555555555002', '22222222-2222-2222-2222-222222222002',
   '44444444-4444-4444-4444-444444444003', 'ACTIVE',
   NOW() - INTERVAL '18 days', NOW() - INTERVAL '4 days', NULL, 1),
  ('55555555-5555-5555-5555-555555555003', '22222222-2222-2222-2222-222222222001',
   '44444444-4444-4444-4444-444444444005', 'ACTIVE',
   NOW() - INTERVAL '2 hours', NOW() + INTERVAL '14 days', NULL, 0),
  ('55555555-5555-5555-5555-555555555004', '22222222-2222-2222-2222-222222222002',
   '44444444-4444-4444-4444-444444444008', 'ACTIVE',
   NOW() - INTERVAL '5 days', NOW() + INTERVAL '9 days', NULL, 0),
  ('55555555-5555-5555-5555-555555555005', '22222222-2222-2222-2222-222222222001',
   '44444444-4444-4444-4444-444444444002', 'RETURNED',
   NOW() - INTERVAL '60 days', NOW() - INTERVAL '46 days',
   NOW() - INTERVAL '45 days', 0),
  ('55555555-5555-5555-5555-555555555006', '22222222-2222-2222-2222-222222222001',
   '44444444-4444-4444-4444-444444444004', 'RETURNED',
   NOW() - INTERVAL '90 days', NOW() - INTERVAL '76 days',
   NOW() - INTERVAL '75 days', 0),
  ('55555555-5555-5555-5555-555555555007', '22222222-2222-2222-2222-222222222002',
   '44444444-4444-4444-4444-444444444006', 'RETURNED',
   NOW() - INTERVAL '30 days', NOW() - INTERVAL '16 days',
   NOW() - INTERVAL '15 days', 0);

INSERT INTO reservations (id, member_id, book_id, status, queue_position) VALUES
  ('66666666-6666-6666-6666-666666666001', '22222222-2222-2222-2222-222222222001',
   '33333333-3333-3333-3333-333333333005', 'PENDING', 1),
  ('66666666-6666-6666-6666-666666666002', '22222222-2222-2222-2222-222222222002',
   '33333333-3333-3333-3333-333333333004', 'PENDING', 1),
  ('66666666-6666-6666-6666-666666666003', '22222222-2222-2222-2222-222222222001',
   '33333333-3333-3333-3333-333333333006', 'READY', 1);

INSERT INTO fines (id, loan_id, amount, status, paid_at) VALUES
  ('77777777-7777-7777-7777-777777777001', '55555555-5555-5555-5555-555555555001',
   30000, 'UNPAID', NULL),
  ('77777777-7777-7777-7777-777777777002', '55555555-5555-5555-5555-555555555002',
   20000, 'UNPAID', NULL),
  ('77777777-7777-7777-7777-777777777003', '55555555-5555-5555-5555-555555555005',
   5000, 'PAID', NOW() - INTERVAL '44 days');

COMMIT;
